FName,LName,Email,Phone,Age,Gender,Address,Password
Alaa,Samy,alaaadmin@email.com,+201234567820,0,Female,Miami,Eyad
Mohamed,Sadek,sadekadmin@email.com,+201234567890,20,Male,Cairo,password0
Noha,Ali,nohaadmin@email.com,+201234567891,43,Female,Cairo,password1
Eman,Mahmoud,emanadmin@email.com,+201234567892,23,Female,Shubra,password2
Ahmed,Ali,ahmedadmin@email.com,+201234567893,19,Male,Nasr City,password3
Mohy,Yakout,mohyadmin@email.com,+201234567894,23,Male,Nasr City,password4
Mohamed,Amr,amradmin@email.com,+201234567895,32,Male,Alexandria,password5
Mohamed,NourEldeen,nouradmin@email.com,+201234567896,15,Male,Alexandria,password6
Mohamed,Talaat,talaatadmin@email.com,+201234567897,12,Male,Elraml Station,password7
AbdElrahman,Adel,adeladmin@email.com,+201234567898,21,Male,Elraml Station,password8
Mohamed,Omar,omaradmin@email.com,+201234567899,19,Male,Miami,password9
Eyad,Ahmed,eyadadmin@gmail.com,+201234564899,42,Male,Shubra,Hello@test123
Alaa,Samy,alaaadmin@email.com,+201234567820,0,Female,Miami,Eyad
Mohamed,Sadek,sadekadmin@email.com,+201234567890,20,Male,Cairo,password0
Noha,Ali,nohaadmin@email.com,+201234567891,43,Female,Cairo,password1
Eman,Mahmoud,emanadmin@email.com,+201234567892,23,Female,Shubra,password2
Ahmed,Ali,ahmedadmin@email.com,+201234567893,19,Male,Nasr City,password3
Mohy,Yakout,mohyadmin@email.com,+201234567894,23,Male,Nasr City,password4
Mohamed,Amr,amradmin@email.com,+201234567895,32,Male,Alexandria,password5
Mohamed,NourEldeen,nouradmin@email.com,+201234567896,15,Male,Alexandria,password6
Mohamed,Talaat,talaatadmin@email.com,+201234567897,12,Male,Elraml Station,password7
AbdElrahman,Adel,adeladmin@email.com,+201234567898,21,Male,Elraml Station,password8
Mohamed,Omar,omaradmin@email.com,+201234567899,19,Male,Miami,password9
Eyad,Ahmed,eyadadmin@gmail.com,+201234564899,42,Male,Shubra,Hello@test123
