FName,LName,Email,Phone,Age,Gender,Address,Password,Delivery Address
null,null,Eyad,null,0,null,null,Eyad,null
Fname0,Lname0,email0@email.com,phone0,1,male,address0,password0,address0
Fname1,Lname1,email1@email.com,phone1,1,male,address1,password1,address1
Fname2,Lname2,email2@email.com,phone2,1,male,address2,password2,address2
Fname3,Lname3,email3@email.com,phone3,1,male,address3,password3,address3
Fname4,Lname4,email4@email.com,phone4,1,male,address4,password4,address4
Fname5,Lname5,email5@email.com,phone5,1,male,address5,password5,address5
Fname6,Lname6,email6@email.com,phone6,1,male,address6,password6,address6
Fname7,Lname7,email7@email.com,phone7,1,male,address7,password7,address7
Fname8,Lname8,email8@email.com,phone8,1,male,address8,password8,address8
Fname9,Lname9,email9@email.com,phone9,1,male,address9,password9,address9
Eyad,Ahmed,Eyad@gmail.com,011,42,Male,Shubra,Hello@test123,Shubra